編號	案類	發生(現)日期	發生時段
1	住宅竊盜	780210	10~12
2	住宅竊盜	951016	19~21
3	住宅竊盜	970609	01~03
4	住宅竊盜	990407	04~06
5	住宅竊盜	991013	22~24
6	住宅竊盜	991024	13~15
7	住宅竊盜	991116	22~24
8	住宅竊盜	1000101	10~12
9	住宅竊盜	1000825	19~21
10	住宅竊盜	1001116	19~21
11	住宅竊盜	1010314	07~09
12	住宅竊盜	1010506	01~03
13	住宅竊盜	1010507	22~24
14	住宅竊盜	1010601	07~09
15	住宅竊盜	1010606	10~12
16	住宅竊盜	1010728	22~24
17	住宅竊盜	1010728	22~24
18	住宅竊盜	1020101	19~21
19	住宅竊盜	1020108	07~09
20	住宅竊盜	1020320	01~03
21	住宅竊盜	1020321	22~24
22	住宅竊盜	1020521	10~12
23	住宅竊盜	1020715	19~21
24	住宅竊盜	1021020	10~12
25	住宅竊盜	1021201	10~12
26	住宅竊盜	1030101	22~24
27	住宅竊盜	1030102	10~12
28	住宅竊盜	1030915	01~03
29	住宅竊盜	1031030	16~18
30	住宅竊盜	1031124	10~12
31	住宅竊盜	1040101	07~09
32	住宅竊盜	1040101	10~12
33	住宅竊盜	1040101	22~24
34	住宅竊盜	1040101	22~24
35	住宅竊盜	1040102	04~06
36	住宅竊盜	1040102	04~06
37	住宅竊盜	1040102	10~12
38	住宅竊盜	1040102	22~24
39	住宅竊盜	1040104	10~12
40	住宅竊盜	1040104	10~12
41	住宅竊盜	1040105	04~06
42	住宅竊盜	1040105	10~12
43	住宅竊盜	1040105	16~18
44	住宅竊盜	1040105	22~24
45	住宅竊盜	1040106	04~06
46	住宅竊盜	1040106	16~18
47	住宅竊盜	1040108	07~09
48	住宅竊盜	1040109	10~12
49	住宅竊盜	1040109	13~15
50	住宅竊盜	1040109	16~18
51	住宅竊盜	1040110	04~06
52	住宅竊盜	1040111	07~09
53	住宅竊盜	1040112	07~09
54	住宅竊盜	1040112	19~21
55	住宅竊盜	1040112	19~21
56	住宅竊盜	1040113	10~12
57	住宅竊盜	1040115	07~09
58	住宅竊盜	1040115	10~12
59	住宅竊盜	1040115	10~12
60	住宅竊盜	1040115	22~24
61	住宅竊盜	1040116	10~12
62	住宅竊盜	1040117	10~12
63	住宅竊盜	1040118	01~03
64	住宅竊盜	1040118	07~09
65	住宅竊盜	1040118	10~12
66	住宅竊盜	1040118	19~21
67	住宅竊盜	1040120	19~21
68	住宅竊盜	1040121	07~09
69	住宅竊盜	1040121	19~21
70	住宅竊盜	1040121	19~21
71	住宅竊盜	1040121	22~24
72	住宅竊盜	1040122	10~12
73	住宅竊盜	1040122	16~18
74	住宅竊盜	1040123	13~15
75	住宅竊盜	1040123	19~21
76	住宅竊盜	1040124	10~12
77	住宅竊盜	1040126	01~03
78	住宅竊盜	1040126	07~09
79	住宅竊盜	1040126	19~21
80	住宅竊盜	1040127	01~03
81	住宅竊盜	1040127	04~06
82	住宅竊盜	1040127	10~12
83	住宅竊盜	1040127	13~15
84	住宅竊盜	1040127	16~18
85	住宅竊盜	1040128	13~15
86	住宅竊盜	1040129	13~15
87	住宅竊盜	1040129	13~15
88	住宅竊盜	1040130	13~15
89	住宅竊盜	1040131	22~24
90	住宅竊盜	1040201	10~12
91	住宅竊盜	1040201	10~12
92	住宅竊盜	1040201	19~21
93	住宅竊盜	1040201	22~24
94	住宅竊盜	1040202	07~09
95	住宅竊盜	1040202	19~21
96	住宅竊盜	1040204	16~18
97	住宅竊盜	1040205	01~03
98	住宅竊盜	1040205	04~06
99	住宅竊盜	1040205	13~15
100	住宅竊盜	1040206	07~09
101	住宅竊盜	1040207	22~24
102	住宅竊盜	1040208	04~06
103	住宅竊盜	1040209	01~03
104	住宅竊盜	1040210	01~03
105	住宅竊盜	1040211	16~18
106	住宅竊盜	1040212	19~21
107	住宅竊盜	1040212	22~24
108	住宅竊盜	1040213	04~06
109	住宅竊盜	1040213	07~09
110	住宅竊盜	1040215	07~09
111	住宅竊盜	1040215	07~09
112	住宅竊盜	1040215	10~12
113	住宅竊盜	1040215	22~24
114	住宅竊盜	1040216	10~12
115	住宅竊盜	1040216	13~15
116	住宅竊盜	1040216	16~18
117	住宅竊盜	1040216	22~24
118	住宅竊盜	1040216	22~24
119	住宅竊盜	1040218	04~06
120	住宅竊盜	1040219	13~15
121	住宅竊盜	1040219	16~18
122	住宅竊盜	1040219	16~18
123	住宅竊盜	1040219	19~21
124	住宅竊盜	1040220	04~06
125	住宅竊盜	1040221	19~21
126	住宅竊盜	1040222	01~03
127	住宅竊盜	1040223	10~12
128	住宅竊盜	1040223	13~15
129	住宅竊盜	1040223	19~21
130	住宅竊盜	1040223	22~24
131	住宅竊盜	1040224	10~12
132	住宅竊盜	1040224	16~18
133	住宅竊盜	1040224	19~21
134	住宅竊盜	1040225	04~06
135	住宅竊盜	1040225	07~09
136	住宅竊盜	1040226	01~03
137	住宅竊盜	1040226	13~15
138	住宅竊盜	1040226	19~21
139	住宅竊盜	1040227	01~03
140	住宅竊盜	1040227	10~12
141	住宅竊盜	1040227	22~24
142	住宅竊盜	1040228	19~21
143	住宅竊盜	1040304	01~03
144	住宅竊盜	1040304	16~18
145	住宅竊盜	1040304	16~18
146	住宅竊盜	1040305	04~06
147	住宅竊盜	1040305	13~15
148	住宅竊盜	1040306	01~03
149	住宅竊盜	1040306	19~21
150	住宅竊盜	1040307	04~06
151	住宅竊盜	1040308	16~18
152	住宅竊盜	1040308	22~24
153	住宅竊盜	1040310	10~12
154	住宅竊盜	1040310	10~12
155	住宅竊盜	1040310	22~24
156	住宅竊盜	1040310	22~24
157	住宅竊盜	1040312	01~03
158	住宅竊盜	1040312	10~12
159	住宅竊盜	1040312	16~18
160	住宅竊盜	1040313	01~03
161	住宅竊盜	1040314	01~03
162	住宅竊盜	1040315	01~03
163	住宅竊盜	1040316	07~09
164	住宅竊盜	1040316	07~09
165	住宅竊盜	1040317	01~03
166	住宅竊盜	1040317	10~12
167	住宅竊盜	1040319	10~12
168	住宅竊盜	1040319	22~24
169	住宅竊盜	1040320	10~12
170	住宅竊盜	1040320	19~21
171	住宅竊盜	1040324	07~09
172	住宅竊盜	1040325	13~15
173	住宅竊盜	1040326	16~18
174	住宅竊盜	1040327	16~18
175	住宅竊盜	1040327	19~21
176	住宅竊盜	1040328	19~21
177	住宅竊盜	1040329	07~09
178	住宅竊盜	1040329	10~12
179	住宅竊盜	1040329	16~18
180	住宅竊盜	1040330	07~09
181	住宅竊盜	1040330	10~12
182	住宅竊盜	1040330	10~12
183	住宅竊盜	1040331	07~09
184	住宅竊盜	1040331	22~24
185	住宅竊盜	1040401	13~15
186	住宅竊盜	1040401	22~24
187	住宅竊盜	1040404	13~15
188	住宅竊盜	1040405	10~12
189	住宅竊盜	1040405	19~21
190	住宅竊盜	1040405	22~24
191	住宅竊盜	1040405	22~24
192	住宅竊盜	1040407	01~03
193	住宅竊盜	1040407	10~12
194	住宅竊盜	1040407	10~12
195	住宅竊盜	1040408	10~12
196	住宅竊盜	1040408	16~18
197	住宅竊盜	1040409	10~12
198	住宅竊盜	1040410	07~09
199	住宅竊盜	1040410	16~18
200	住宅竊盜	1040410	19~21
201	住宅竊盜	1040411	10~12
202	住宅竊盜	1040413	10~12
203	住宅竊盜	1040413	13~15
204	住宅竊盜	1040415	07~09
205	住宅竊盜	1040415	16~18
206	住宅竊盜	1040415	22~24
207	住宅竊盜	1040416	04~06
208	住宅竊盜	1040416	07~09
209	住宅竊盜	1040416	10~12
210	住宅竊盜	1040416	13~15
211	住宅竊盜	1040416	13~15
212	住宅竊盜	1040416	19~21
213	住宅竊盜	1040417	16~18
214	住宅竊盜	1040417	16~18
215	住宅竊盜	1040419	13~15
216	住宅竊盜	1040420	16~18
217	住宅竊盜	1040420	22~24
218	住宅竊盜	1040421	19~21
219	住宅竊盜	1040422	19~21
220	住宅竊盜	1040423	04~06
221	住宅竊盜	1040423	13~15
222	住宅竊盜	1040423	19~21
223	住宅竊盜	1040423	19~21
224	住宅竊盜	1040424	10~12
225	住宅竊盜	1040425	04~06
226	住宅竊盜	1040425	22~24
227	住宅竊盜	1040426	04~06
228	住宅竊盜	1040427	07~09
229	住宅竊盜	1040427	07~09
230	住宅竊盜	1040427	10~12
231	住宅竊盜	1040427	13~15
232	住宅竊盜	1040427	16~18
233	住宅竊盜	1040427	22~24
234	住宅竊盜	1040428	19~21
235	住宅竊盜	1040429	13~15
236	住宅竊盜	1040429	13~15
237	住宅竊盜	1040430	07~09
238	住宅竊盜	1040430	19~21
239	住宅竊盜	1040501	16~18
240	住宅竊盜	1040501	22~24
241	住宅竊盜	1040503	19~21
242	住宅竊盜	1040504	10~12
243	住宅竊盜	1040504	19~21
244	住宅竊盜	1040505	16~18
245	住宅竊盜	1040506	19~21
246	住宅竊盜	1040507	19~21
247	住宅竊盜	1040508	04~06
248	住宅竊盜	1040508	07~09
249	住宅竊盜	1040508	13~15
250	住宅竊盜	1040509	10~12
251	住宅竊盜	1040510	04~06
252	住宅竊盜	1040510	10~12
253	住宅竊盜	1040510	13~15
254	住宅竊盜	1040511	22~24
255	住宅竊盜	1040512	10~12
256	住宅竊盜	1040512	13~15
257	住宅竊盜	1040512	19~21
258	住宅竊盜	1040514	10~12
259	住宅竊盜	1040514	10~12
260	住宅竊盜	1040515	10~12
261	住宅竊盜	1040515	10~12
262	住宅竊盜	1040515	19~21
263	住宅竊盜	1040518	10~12
264	住宅竊盜	1040521	16~18
265	住宅竊盜	1040521	22~24
266	住宅竊盜	1040522	16~18
267	住宅竊盜	1040523	10~12
268	住宅竊盜	1040523	10~12
269	住宅竊盜	1040525	19~21
270	住宅竊盜	1040526	04~06
271	住宅竊盜	1040526	16~18
272	住宅竊盜	1040526	22~24
273	住宅竊盜	1040528	04~06
274	住宅竊盜	1040528	19~21
275	住宅竊盜	1040529	16~18
276	住宅竊盜	1040529	22~24
277	住宅竊盜	1040531	22~24
278	住宅竊盜	1040531	22~24
279	住宅竊盜	1040601	22~24
280	住宅竊盜	1040602	13~15
281	住宅竊盜	1040603	16~18
282	住宅竊盜	1040606	04~06
283	住宅竊盜	1040606	10~12
284	住宅竊盜	1040606	19~21
285	住宅竊盜	1040607	07~09
286	住宅竊盜	1040607	10~12
287	住宅竊盜	1040608	07~09
288	住宅竊盜	1040608	13~15
289	住宅竊盜	1040608	22~24
290	住宅竊盜	1040609	16~18
291	住宅竊盜	1040612	10~12
292	住宅竊盜	1040615	10~12
293	住宅竊盜	1040615	16~18
294	住宅竊盜	1040615	22~24
295	住宅竊盜	1040616	07~09
296	住宅竊盜	1040616	13~15
297	住宅竊盜	1040616	13~15
298	住宅竊盜	1040619	07~09
299	住宅竊盜	1040619	07~09
300	住宅竊盜	1040619	19~21
301	住宅竊盜	1040620	04~06
302	住宅竊盜	1040620	10~12
303	住宅竊盜	1040621	10~12
304	住宅竊盜	1040622	07~09
305	住宅竊盜	1040622	13~15
306	住宅竊盜	1040622	13~15
307	住宅竊盜	1040623	22~24
308	住宅竊盜	1040624	04~06
309	住宅竊盜	1040624	19~21
310	住宅竊盜	1040625	22~24
311	住宅竊盜	1040628	01~03
312	住宅竊盜	1040628	16~18
313	住宅竊盜	1040628	16~18
314	住宅竊盜	1040628	22~24
315	住宅竊盜	1040628	22~24
316	住宅竊盜	1040630	22~24
317	住宅竊盜	1040701	07~09
318	住宅竊盜	1040701	16~18
319	住宅竊盜	1040701	22~24
320	住宅竊盜	1040702	19~21
321	住宅竊盜	1040703	01~03
322	住宅竊盜	1040703	13~15
323	住宅竊盜	1040704	04~06
324	住宅竊盜	1040707	01~03
325	住宅竊盜	1040707	07~09
326	住宅竊盜	1040707	19~21
327	住宅竊盜	1040708	10~12
328	住宅竊盜	1040709	01~03
329	住宅竊盜	1040710	01~03
330	住宅竊盜	1040712	16~18
331	住宅竊盜	1040713	22~24
332	住宅竊盜	1040713	22~24
333	住宅竊盜	1040714	07~09
334	住宅竊盜	1040714	22~24
335	住宅竊盜	1040715	10~12
336	住宅竊盜	1040715	13~15
337	住宅竊盜	1040715	19~21
338	住宅竊盜	1040716	07~09
339	住宅竊盜	1040717	01~03
340	住宅竊盜	1040718	01~03
341	住宅竊盜	1040718	13~15
342	住宅竊盜	1040718	16~18
343	住宅竊盜	1040718	19~21
344	住宅竊盜	1040720	16~18
345	住宅竊盜	1040720	19~21
346	住宅竊盜	1040720	22~24
347	住宅竊盜	1040721	10~12
348	住宅竊盜	1040721	22~24
349	住宅竊盜	1040722	13~15
350	住宅竊盜	1040722	16~18
351	住宅竊盜	1040723	07~09
352	住宅竊盜	1040724	13~15
353	住宅竊盜	1040725	10~12
354	住宅竊盜	1040725	13~15
355	住宅竊盜	1040727	07~09
356	住宅竊盜	1040727	07~09
357	住宅竊盜	1040727	19~21
358	住宅竊盜	1040729	10~12
359	住宅竊盜	1040730	13~15
360	住宅竊盜	1040730	16~18
361	住宅竊盜	1040731	01~03
362	住宅竊盜	1040731	04~06
363	住宅竊盜	1040731	07~09
364	住宅竊盜	1040731	10~12
365	住宅竊盜	1040731	13~15
366	住宅竊盜	1040731	19~21
367	住宅竊盜	1040731	22~24
368	住宅竊盜	1040801	22~24
369	住宅竊盜	1040803	22~24
370	住宅竊盜	1040804	04~06
371	住宅竊盜	1040805	13~15
372	住宅竊盜	1040806	13~15
373	住宅竊盜	1040806	16~18
374	住宅竊盜	1040807	01~03
375	住宅竊盜	1040810	13~15
376	住宅竊盜	1040810	16~18
377	住宅竊盜	1040810	19~21
378	住宅竊盜	1040810	19~21
379	住宅竊盜	1040811	04~06
380	住宅竊盜	1040811	10~12
381	住宅竊盜	1040812	07~09
382	住宅竊盜	1040812	19~21
383	住宅竊盜	1040813	13~15
384	住宅竊盜	1040813	16~18
385	住宅竊盜	1040814	07~09
386	住宅竊盜	1040814	10~12
387	住宅竊盜	1040815	07~09
388	住宅竊盜	1040815	07~09
389	住宅竊盜	1040815	10~12
390	住宅竊盜	1040815	10~12
391	住宅竊盜	1040815	13~15
392	住宅竊盜	1040815	13~15
393	住宅竊盜	1040817	01~03
394	住宅竊盜	1040817	01~03
395	住宅竊盜	1040817	16~18
396	住宅竊盜	1040817	19~21
397	住宅竊盜	1040818	19~21
398	住宅竊盜	1040820	01~03
399	住宅竊盜	1040821	22~24
400	住宅竊盜	1040822	07~09
401	住宅竊盜	1040822	22~24
402	住宅竊盜	1040823	01~03
403	住宅竊盜	1040823	19~21
404	住宅竊盜	1040823	19~21
405	住宅竊盜	1040824	10~12
406	住宅竊盜	1040824	19~21
407	住宅竊盜	1040825	10~12
408	住宅竊盜	1040825	16~18
409	住宅竊盜	1040826	19~21
410	住宅竊盜	1040827	13~15
411	住宅竊盜	1040827	16~18
412	住宅竊盜	1040828	07~09
413	住宅竊盜	1040828	13~15
414	住宅竊盜	1040828	13~15
415	住宅竊盜	1040828	22~24
416	住宅竊盜	1040829	01~03
417	住宅竊盜	1040829	07~09
418	住宅竊盜	1040829	13~15
419	住宅竊盜	1040830	07~09
420	住宅竊盜	1040831	04~06
421	住宅竊盜	1040831	10~12
422	住宅竊盜	1040831	10~12
423	住宅竊盜	1040831	13~15
424	住宅竊盜	1040831	16~18
425	住宅竊盜	1040901	22~24
426	住宅竊盜	1040903	10~12
427	住宅竊盜	1040903	13~15
428	住宅竊盜	1040905	19~21
429	住宅竊盜	1040905	19~21
430	住宅竊盜	1040905	19~21
431	住宅竊盜	1040906	01~03
432	住宅竊盜	1040906	13~15
433	住宅竊盜	1040907	13~15
434	住宅竊盜	1040908	10~12
435	住宅竊盜	1040908	10~12
436	住宅竊盜	1040908	22~24
437	住宅竊盜	1040908	22~24
438	住宅竊盜	1040909	13~15
439	住宅竊盜	1040910	10~12
440	住宅竊盜	1040910	19~21
441	住宅竊盜	1040911	07~09
442	住宅竊盜	1040911	10~12
443	住宅竊盜	1040912	07~09
444	住宅竊盜	1040913	04~06
445	住宅竊盜	1040913	10~12
446	住宅竊盜	1040913	19~21
447	住宅竊盜	1040914	04~06
448	住宅竊盜	1040914	10~12
449	住宅竊盜	1040914	19~21
450	住宅竊盜	1040915	10~12
451	住宅竊盜	1040915	16~18
452	住宅竊盜	1040915	19~21
453	住宅竊盜	1040917	01~03
454	住宅竊盜	1040917	19~21
455	住宅竊盜	1040918	04~06
456	住宅竊盜	1040919	01~03
457	住宅竊盜	1040919	16~18
458	住宅竊盜	1040919	22~24
459	住宅竊盜	1040920	01~03
460	住宅竊盜	1040920	10~12
461	住宅竊盜	1040920	19~21
462	住宅竊盜	1040921	01~03
463	住宅竊盜	1040921	04~06
464	住宅竊盜	1040921	13~15
465	住宅竊盜	1040921	13~15
466	住宅竊盜	1040922	10~12
467	住宅竊盜	1040924	10~12
468	住宅竊盜	1040924	19~21
469	住宅竊盜	1040925	22~24
470	住宅竊盜	1040926	10~12
471	住宅竊盜	1040926	10~12
472	住宅竊盜	1040927	19~21
473	住宅竊盜	1040928	10~12
474	住宅竊盜	1040929	04~06
475	住宅竊盜	1040930	10~12
476	住宅竊盜	1040930	10~12
477	住宅竊盜	1040930	10~12
478	住宅竊盜	1040930	22~24
479	住宅竊盜	1041001	22~24
480	住宅竊盜	1041001	22~24
481	住宅竊盜	1041002	07~09
482	住宅竊盜	1041002	16~18
483	住宅竊盜	1041002	19~21
484	住宅竊盜	1041003	07~09
485	住宅竊盜	1041003	07~09
486	住宅竊盜	1041003	10~12
487	住宅竊盜	1041003	22~24
488	住宅竊盜	1041005	07~09
489	住宅竊盜	1041005	07~09
490	住宅竊盜	1041005	22~24
491	住宅竊盜	1041006	01~03
492	住宅竊盜	1041006	10~12
493	住宅竊盜	1041007	01~03
494	住宅竊盜	1041007	13~15
495	住宅竊盜	1041007	13~15
496	住宅竊盜	1041007	13~15
497	住宅竊盜	1041009	19~21
498	住宅竊盜	1041011	16~18
499	住宅竊盜	1041011	22~24
500	住宅竊盜	1041011	22~24
501	住宅竊盜	1041013	07~09
502	住宅竊盜	1041013	07~09
503	住宅竊盜	1041013	13~15
504	住宅竊盜	1041016	10~12
505	住宅竊盜	1041018	04~06
506	住宅竊盜	1041018	07~09
507	住宅竊盜	1041019	01~03
508	住宅竊盜	1041019	13~15
509	住宅竊盜	1041020	01~03
510	住宅竊盜	1041020	07~09
511	住宅竊盜	1041020	07~09
512	住宅竊盜	1041020	13~15
513	住宅竊盜	1041021	07~09
514	住宅竊盜	1041021	19~21
515	住宅竊盜	1041021	22~24
516	住宅竊盜	1041023	07~09
517	住宅竊盜	1041023	13~15
518	住宅竊盜	1041023	16~18
519	住宅竊盜	1041023	16~18
520	住宅竊盜	1041023	16~18
521	住宅竊盜	1041023	19~21
522	住宅竊盜	1041023	19~21
523	住宅竊盜	1041023	19~21
524	住宅竊盜	1041023	19~21
525	住宅竊盜	1041024	07~09
526	住宅竊盜	1041026	10~12
527	住宅竊盜	1041026	19~21
528	住宅竊盜	1041026	19~21
529	住宅竊盜	1041027	10~12
530	住宅竊盜	1041027	22~24
531	住宅竊盜	1041029	07~09
532	住宅竊盜	1041030	10~12
533	住宅竊盜	1041030	19~21
534	住宅竊盜	1041030	19~21
535	住宅竊盜	1041031	19~21
536	住宅竊盜	1041101	07~09
537	住宅竊盜	1041103	22~24
538	住宅竊盜	1041103	22~24
539	住宅竊盜	1041104	10~12
540	住宅竊盜	1041105	10~12
541	住宅竊盜	1041107	04~06
542	住宅竊盜	1041109	16~18
543	住宅竊盜	1041109	16~18
544	住宅竊盜	1041109	22~24
545	住宅竊盜	1041109	22~24
546	住宅竊盜	1041111	10~12
547	住宅竊盜	1041111	13~15
548	住宅竊盜	1041112	19~21
549	住宅竊盜	1041112	19~21
550	住宅竊盜	1041113	10~12
551	住宅竊盜	1041114	22~24
552	住宅竊盜	1041115	16~18
553	住宅竊盜	1041115	19~21
554	住宅竊盜	1041116	01~03
555	住宅竊盜	1041116	07~09
556	住宅竊盜	1041116	13~15
557	住宅竊盜	1041116	13~15
558	住宅竊盜	1041117	01~03
559	住宅竊盜	1041117	10~12
560	住宅竊盜	1041117	19~21
561	住宅竊盜	1041118	13~15
562	住宅竊盜	1041118	22~24
563	住宅竊盜	1041121	10~12
564	住宅竊盜	1041122	04~06
565	住宅竊盜	1041122	19~21
566	住宅竊盜	1041123	07~09
567	住宅竊盜	1041123	13~15
568	住宅竊盜	1041124	07~09
569	住宅竊盜	1041125	01~03
570	住宅竊盜	1041125	22~24
571	住宅竊盜	1041126	16~18
572	住宅竊盜	1041128	10~12
573	住宅竊盜	1041128	19~21
574	住宅竊盜	1041129	10~12
575	住宅竊盜	1041129	10~12
576	住宅竊盜	1041129	19~21
577	住宅竊盜	1041130	10~12
578	住宅竊盜	1041201	07~09
579	住宅竊盜	1041201	10~12
580	住宅竊盜	1041201	22~24
581	住宅竊盜	1041202	07~09
582	住宅竊盜	1041203	04~06
583	住宅竊盜	1041203	04~06
584	住宅竊盜	1041203	10~12
585	住宅竊盜	1041203	10~12
586	住宅竊盜	1041204	10~12
587	住宅竊盜	1041204	10~12
588	住宅竊盜	1041205	22~24
589	住宅竊盜	1041206	07~09
590	住宅竊盜	1041206	16~18
591	住宅竊盜	1041207	19~21
592	住宅竊盜	1041208	07~09
593	住宅竊盜	1041208	16~18
594	住宅竊盜	1041208	22~24
595	住宅竊盜	1041209	07~09
596	住宅竊盜	1041209	13~15
597	住宅竊盜	1041210	16~18
598	住宅竊盜	1041211	07~09
599	住宅竊盜	1041211	19~21
600	住宅竊盜	1041212	04~06
601	住宅竊盜	1041212	04~06
602	住宅竊盜	1041212	10~12
603	住宅竊盜	1041212	10~12
604	住宅竊盜	1041213	22~24
605	住宅竊盜	1041214	16~18
606	住宅竊盜	1041215	07~09
607	住宅竊盜	1041215	22~24
608	住宅竊盜	1041216	10~12
609	住宅竊盜	1041216	13~15
610	住宅竊盜	1041217	13~15
611	住宅竊盜	1041219	07~09
612	住宅竊盜	1041219	22~24
613	住宅竊盜	1041219	22~24
614	住宅竊盜	1041220	10~12
615	住宅竊盜	1041220	10~12
616	住宅竊盜	1041220	10~12
617	住宅竊盜	1041220	16~18
618	住宅竊盜	1041220	19~21
619	住宅竊盜	1041221	10~12
620	住宅竊盜	1041221	19~21
621	住宅竊盜	1041221	22~24
622	住宅竊盜	1041222	04~06
623	住宅竊盜	1041222	07~09
624	住宅竊盜	1041222	07~09
625	住宅竊盜	1041222	07~09
626	住宅竊盜	1041222	10~12
627	住宅竊盜	1041222	10~12
628	住宅竊盜	1041222	10~12
629	住宅竊盜	1041222	13~15
630	住宅竊盜	1041223	01~03
631	住宅竊盜	1041223	07~09
632	住宅竊盜	1041223	16~18
633	住宅竊盜	1041223	19~21
634	住宅竊盜	1041224	10~12
635	住宅竊盜	1041224	13~15
636	住宅竊盜	1041225	16~18
637	住宅竊盜	1041225	16~18
638	住宅竊盜	1041225	19~21
639	住宅竊盜	1041226	10~12
640	住宅竊盜	1041226	22~24
641	住宅竊盜	1041228	04~06
642	住宅竊盜	1041228	13~15
643	住宅竊盜	1041228	16~18
644	住宅竊盜	1041229	16~18
645	住宅竊盜	1041229	22~24
646	住宅竊盜	1041230	04~06
647	住宅竊盜	1041230	04~06
648	住宅竊盜	1041231	13~15
649	住宅竊盜	1041231	22~24
650	住宅竊盜	1050101	01~03
651	住宅竊盜	1050101	19~21
652	住宅竊盜	1050101	22~24
653	住宅竊盜	1050101	22~24
654	住宅竊盜	1050101	22~24
655	住宅竊盜	1050102	10~12
656	住宅竊盜	1050102	16~18
657	住宅竊盜	1050102	19~21
658	住宅竊盜	1050103	13~15
659	住宅竊盜	1050103	16~18
660	住宅竊盜	1050103	19~21
661	住宅竊盜	1050104	07~09
662	住宅竊盜	1050104	19~21
663	住宅竊盜	1050104	22~24
664	住宅竊盜	1050105	13~15
665	住宅竊盜	1050106	01~03
666	住宅竊盜	1050106	10~12
667	住宅竊盜	1050107	13~15
668	住宅竊盜	1050107	16~18
669	住宅竊盜	1050107	19~21
670	住宅竊盜	1050108	22~24
671	住宅竊盜	1050109	22~24
672	住宅竊盜	1050110	04~06
673	住宅竊盜	1050110	07~09
674	住宅竊盜	1050110	16~18
675	住宅竊盜	1050110	19~21
676	住宅竊盜	1050111	16~18
677	住宅竊盜	1050111	16~18
678	住宅竊盜	1050111	19~21
679	住宅竊盜	1050112	07~09
680	住宅竊盜	1050113	04~06
681	住宅竊盜	1050113	10~12
682	住宅竊盜	1050113	16~18
683	住宅竊盜	1050113	22~24
684	住宅竊盜	1050114	10~12
685	住宅竊盜	1050114	22~24
686	住宅竊盜	1050115	07~09
687	住宅竊盜	1050115	10~12
688	住宅竊盜	1050116	10~12
689	住宅竊盜	1050116	16~18
690	住宅竊盜	1050117	13~15
691	住宅竊盜	1050118	19~21
692	住宅竊盜	1050119	01~03
693	住宅竊盜	1050119	13~15
694	住宅竊盜	1050119	16~18
695	住宅竊盜	1050120	07~09
696	住宅竊盜	1050120	10~12
697	住宅竊盜	1050121	13~15
698	住宅竊盜	1050122	16~18
699	住宅竊盜	1050122	22~24
700	住宅竊盜	1050123	07~09
701	住宅竊盜	1050124	13~15
702	住宅竊盜	1050124	19~21
703	住宅竊盜	1050125	07~09
704	住宅竊盜	1050125	10~12
705	住宅竊盜	1050125	10~12
706	住宅竊盜	1050125	10~12
707	住宅竊盜	1050126	07~09
708	住宅竊盜	1050126	16~18
709	住宅竊盜	1050127	13~15
710	住宅竊盜	1050128	13~15
711	住宅竊盜	1050128	19~21
712	住宅竊盜	1050129	04~06
713	住宅竊盜	1050129	13~15
714	住宅竊盜	1050129	16~18
715	住宅竊盜	1050129	22~24
716	住宅竊盜	1050130	10~12
717	住宅竊盜	1050130	22~24
718	住宅竊盜	1050131	10~12
719	住宅竊盜	1050131	22~24
720	住宅竊盜	1050201	19~21
721	住宅竊盜	1050202	19~21
722	住宅竊盜	1050203	04~06
723	住宅竊盜	1050203	07~09
724	住宅竊盜	1050203	10~12
725	住宅竊盜	1050203	19~21
726	住宅竊盜	1050204	13~15
727	住宅竊盜	1050205	07~09
728	住宅竊盜	1050205	16~18
729	住宅竊盜	1050207	07~09
730	住宅竊盜	1050207	16~18
731	住宅竊盜	1050208	19~21
732	住宅竊盜	1050209	10~12
733	住宅竊盜	1050209	22~24
734	住宅竊盜	1050210	07~09
735	住宅竊盜	1050210	07~09
736	住宅竊盜	1050210	13~15
737	住宅竊盜	1050210	19~21
738	住宅竊盜	1050211	10~12
739	住宅竊盜	1050212	01~03
740	住宅竊盜	1050212	16~18
741	住宅竊盜	1050213	19~21
742	住宅竊盜	1050214	19~21
743	住宅竊盜	1050217	01~03
744	住宅竊盜	1050217	10~12
745	住宅竊盜	1050217	16~18
746	住宅竊盜	1050218	01~03
747	住宅竊盜	1050218	01~03
748	住宅竊盜	1050219	13~15
749	住宅竊盜	1050219	16~18
750	住宅竊盜	1050220	01~03
751	住宅竊盜	1050220	07~09
752	住宅竊盜	1050220	19~21
753	住宅竊盜	1050221	07~09
754	住宅竊盜	1050222	10~12
755	住宅竊盜	1050223	04~06
756	住宅竊盜	1050223	13~15
757	住宅竊盜	1050224	13~15
758	住宅竊盜	1050225	10~12
759	住宅竊盜	1050225	22~24
760	住宅竊盜	1050226	07~09
761	住宅竊盜	1050226	10~12
762	住宅竊盜	1050227	10~12
763	住宅竊盜	1050227	19~21
764	住宅竊盜	1050228	16~18
765	住宅竊盜	1050301	10~12
766	住宅竊盜	1050302	13~15
767	住宅竊盜	1050303	01~03
768	住宅竊盜	1050303	07~09
769	住宅竊盜	1050304	07~09
770	住宅竊盜	1050304	10~12
771	住宅竊盜	1050305	22~24
772	住宅竊盜	1050306	01~03
773	住宅竊盜	1050306	10~12
774	住宅竊盜	1050307	16~18
775	住宅竊盜	1050307	22~24
776	住宅竊盜	1050308	01~03
777	住宅竊盜	1050308	10~12
778	住宅竊盜	1050308	13~15
779	住宅竊盜	1050310	13~15
780	住宅竊盜	1050310	16~18
781	住宅竊盜	1050311	01~03
782	住宅竊盜	1050311	01~03
783	住宅竊盜	1050312	01~03
784	住宅竊盜	1050313	07~09
785	住宅竊盜	1050314	16~18
786	住宅竊盜	1050314	16~18
787	住宅竊盜	1050314	19~21
788	住宅竊盜	1050314	19~21
789	住宅竊盜	1050314	22~24
790	住宅竊盜	1050315	13~15
791	住宅竊盜	1050316	07~09
792	住宅竊盜	1050316	19~21
793	住宅竊盜	1050317	07~09
794	住宅竊盜	1050318	07~09
795	住宅竊盜	1050318	22~24
796	住宅竊盜	1050320	13~15
797	住宅竊盜	1050320	16~18
798	住宅竊盜	1050321	10~12
799	住宅竊盜	1050321	22~24
800	住宅竊盜	1050322	16~18
801	住宅竊盜	1050323	01~03
802	住宅竊盜	1050323	22~24
803	住宅竊盜	1050324	19~21
804	住宅竊盜	1050325	01~03
805	住宅竊盜	1050328	19~21
806	住宅竊盜	1050328	22~24
807	住宅竊盜	1050330	10~12
808	住宅竊盜	1050330	22~24
809	住宅竊盜	1050331	22~24
810	住宅竊盜	1050401	16~18
811	住宅竊盜	1050401	22~24
812	住宅竊盜	1050402	19~21
813	住宅竊盜	1050403	13~15
814	住宅竊盜	1050403	13~15
815	住宅竊盜	1050403	16~18
816	住宅竊盜	1050403	19~21
817	住宅竊盜	1050404	07~09
818	住宅竊盜	1050404	10~12
819	住宅竊盜	1050405	22~24
820	住宅竊盜	1050406	16~18
821	住宅竊盜	1050407	07~09
822	住宅竊盜	1050407	10~12
823	住宅竊盜	1050407	13~15
824	住宅竊盜	1050408	13~15
825	住宅竊盜	1050408	19~21
826	住宅竊盜	1050408	19~21
827	住宅竊盜	1050409	19~21
828	住宅竊盜	1050410	01~03
829	住宅竊盜	1050410	16~18
830	住宅竊盜	1050410	22~24
831	住宅竊盜	1050411	19~21
832	住宅竊盜	1050413	19~21
833	住宅竊盜	1050414	01~03
834	住宅竊盜	1050414	01~03
835	住宅竊盜	1050414	07~09
836	住宅竊盜	1050414	19~21
837	住宅竊盜	1050415	10~12
838	住宅竊盜	1050415	10~12
839	住宅竊盜	1050416	01~03
840	住宅竊盜	1050416	07~09
841	住宅竊盜	1050416	22~24
842	住宅竊盜	1050418	22~24
843	住宅竊盜	1050419	01~03
844	住宅竊盜	1050419	19~21
845	住宅竊盜	1050419	19~21
846	住宅竊盜	1050419	19~21
847	住宅竊盜	1050419	22~24
848	住宅竊盜	1050420	19~21
849	住宅竊盜	1050421	01~03
850	住宅竊盜	1050421	16~18
851	住宅竊盜	1050423	04~06
852	住宅竊盜	1050424	04~06
853	住宅竊盜	1050424	07~09
854	住宅竊盜	1050424	10~12
855	住宅竊盜	1050425	04~06
856	住宅竊盜	1050425	10~12
857	住宅竊盜	1050425	10~12
858	住宅竊盜	1050425	22~24
859	住宅竊盜	1050425	22~24
860	住宅竊盜	1050425	22~24
861	住宅竊盜	1050426	04~06
862	住宅竊盜	1050426	13~15
863	住宅竊盜	1050427	04~06
864	住宅竊盜	1050427	04~06
865	住宅竊盜	1050427	07~09
866	住宅竊盜	1050427	13~15
867	住宅竊盜	1050427	16~18
868	住宅竊盜	1050427	16~18
869	住宅竊盜	1050429	19~21
870	住宅竊盜	1050430	10~12
871	住宅竊盜	1050501	10~12
872	住宅竊盜	1050501	22~24
873	住宅竊盜	1050502	10~12
874	住宅竊盜	1050502	13~15
875	住宅竊盜	1050503	19~21
876	住宅竊盜	1050505	13~15
877	住宅竊盜	1050506	01~03
878	住宅竊盜	1050508	07~09
879	住宅竊盜	1050508	07~09
880	住宅竊盜	1050508	19~21
881	住宅竊盜	1050509	19~21
882	住宅竊盜	1050509	22~24
883	住宅竊盜	1050510	13~15
884	住宅竊盜	1050510	19~21
885	住宅竊盜	1050511	22~24
886	住宅竊盜	1050512	01~03
887	住宅竊盜	1050512	10~12
888	住宅竊盜	1050512	16~18
889	住宅竊盜	1050513	07~09
890	住宅竊盜	1050513	16~18
891	住宅竊盜	1050513	16~18
892	住宅竊盜	1050513	16~18
893	住宅竊盜	1050513	22~24
894	住宅竊盜	1050514	13~15
895	住宅竊盜	1050515	01~03
896	住宅竊盜	1050515	10~12
897	住宅竊盜	1050515	19~21
898	住宅竊盜	1050518	19~21
899	住宅竊盜	1050520	01~03
900	住宅竊盜	1050520	16~18
901	住宅竊盜	1050521	04~06
902	住宅竊盜	1050521	04~06
903	住宅竊盜	1050522	07~09
904	住宅竊盜	1050522	13~15
905	住宅竊盜	1050524	13~15
906	住宅竊盜	1050526	16~18
907	住宅竊盜	1050528	22~24
908	住宅竊盜	1050530	10~12
909	住宅竊盜	1050530	13~15
910	住宅竊盜	1050531	01~03
911	住宅竊盜	1050601	13~15
912	住宅竊盜	1050601	13~15
913	住宅竊盜	1050602	13~15
914	住宅竊盜	1050603	13~15
915	住宅竊盜	1050603	13~15
916	住宅竊盜	1050604	07~09
917	住宅竊盜	1050604	10~12
918	住宅竊盜	1050605	07~09
919	住宅竊盜	1050605	22~24
920	住宅竊盜	1050606	01~03
921	住宅竊盜	1050606	04~06
922	住宅竊盜	1050606	07~09
923	住宅竊盜	1050606	10~12
924	住宅竊盜	1050608	13~15
925	住宅竊盜	1050609	07~09
926	住宅竊盜	1050609	13~15
927	住宅竊盜	1050609	22~24
928	住宅竊盜	1050609	22~24
929	住宅竊盜	1050610	13~15
930	住宅竊盜	1050611	10~12
931	住宅竊盜	1050611	13~15
932	住宅竊盜	1050612	04~06
933	住宅竊盜	1050612	16~18
934	住宅竊盜	1050613	16~18
935	住宅竊盜	1050613	16~18
936	住宅竊盜	1050614	01~03
937	住宅竊盜	1050614	01~03
938	住宅竊盜	1050614	19~21
939	住宅竊盜	1050614	19~21
940	住宅竊盜	1050615	07~09
941	住宅竊盜	1050616	10~12
942	住宅竊盜	1050617	07~09
943	住宅竊盜	1050617	07~09
944	住宅竊盜	1050618	07~09
945	住宅竊盜	1050618	13~15
946	住宅竊盜	1050619	07~09
947	住宅竊盜	1050619	19~21
948	住宅竊盜	1050620	19~21
949	住宅竊盜	1050621	13~15
950	住宅竊盜	1050621	22~24
951	住宅竊盜	1050622	01~03
952	住宅竊盜	1050622	01~03
953	住宅竊盜	1050623	07~09
954	住宅竊盜	1050623	07~09
955	住宅竊盜	1050624	04~06
956	住宅竊盜	1050624	19~21
957	住宅竊盜	1050625	04~06
958	住宅竊盜	1050625	07~09
959	住宅竊盜	1050625	10~12
960	住宅竊盜	1050626	01~03
961	住宅竊盜	1050628	16~18
962	住宅竊盜	1050629	10~12
963	住宅竊盜	1050629	10~12
964	住宅竊盜	1050629	13~15
965	住宅竊盜	1050629	16~18
966	住宅竊盜	1050630	16~18
967	住宅竊盜	1050630	22~24
968	住宅竊盜	1050701	01~03
969	住宅竊盜	1050701	04~06
970	住宅竊盜	1050701	10~12
971	住宅竊盜	1050701	13~15
972	住宅竊盜	1050702	07~09
973	住宅竊盜	1050702	13~15
974	住宅竊盜	1050703	04~06
975	住宅竊盜	1050704	10~12
976	住宅竊盜	1050704	10~12
977	住宅竊盜	1050704	10~12
978	住宅竊盜	1050704	13~15
979	住宅竊盜	1050704	19~21
980	住宅竊盜	1050705	04~06
981	住宅竊盜	1050705	07~09
982	住宅竊盜	1050705	07~09
983	住宅竊盜	1050705	07~09
984	住宅竊盜	1050705	13~15
985	住宅竊盜	1050705	16~18
986	住宅竊盜	1050706	01~03
987	住宅竊盜	1050706	04~06
988	住宅竊盜	1050706	07~09
989	住宅竊盜	1050707	13~15
990	住宅竊盜	1050707	13~15
991	住宅竊盜	1050709	10~12
992	住宅竊盜	1050710	10~12
993	住宅竊盜	1050710	10~12
994	住宅竊盜	1050710	16~18
995	住宅竊盜	1050711	22~24
996	住宅竊盜	1050712	10~12
997	住宅竊盜	1050713	01~03
998	住宅竊盜	1050713	01~03
999	住宅竊盜	1050714	10~12
1000	住宅竊盜	1050715	01~03
1001	住宅竊盜	1050716	22~24
1002	住宅竊盜	1050716	22~24
1003	住宅竊盜	1050717	10~12
1004	住宅竊盜	1050719	22~24
1005	住宅竊盜	1050720	01~03
1006	住宅竊盜	1050720	13~15
1007	住宅竊盜	1050721	10~12
1008	住宅竊盜	1050721	19~21
1009	住宅竊盜	1050722	01~03
1010	住宅竊盜	1050722	07~09
1011	住宅竊盜	1050722	10~12
1012	住宅竊盜	1050722	19~21
1013	住宅竊盜	1050723	22~24
1014	住宅竊盜	1050725	13~15
1015	住宅竊盜	1050726	19~21
1016	住宅竊盜	1050727	01~03
1017	住宅竊盜	1050727	01~03
1018	住宅竊盜	1050727	16~18
1019	住宅竊盜	1050728	07~09
1020	住宅竊盜	1050728	22~24
1021	住宅竊盜	1050729	01~03
1022	住宅竊盜	1050731	01~03
1023	住宅竊盜	1050731	22~24
1024	住宅竊盜	1050731	22~24
1025	住宅竊盜	1050801	10~12
1026	住宅竊盜	1050801	16~18
1027	住宅竊盜	1050801	22~24
1028	住宅竊盜	1050801	22~24
1029	住宅竊盜	1050802	04~06
1030	住宅竊盜	1050802	04~06
1031	住宅竊盜	1050805	04~06
1032	住宅竊盜	1050805	16~18
1033	住宅竊盜	1050808	04~06
1034	住宅竊盜	1050808	16~18
1035	住宅竊盜	1050808	16~18
1036	住宅竊盜	1050808	16~18
1037	住宅竊盜	1050809	07~09
1038	住宅竊盜	1050809	13~15
1039	住宅竊盜	1050809	19~21
1040	住宅竊盜	1050810	13~15
1041	住宅竊盜	1050810	16~18
1042	住宅竊盜	1050810	16~18
1043	住宅竊盜	1050810	19~21
1044	住宅竊盜	1050811	04~06
1045	住宅竊盜	1050812	13~15
1046	住宅竊盜	1050813	22~24
1047	住宅竊盜	1050814	10~12
1048	住宅竊盜	1050815	10~12
1049	住宅竊盜	1050816	13~15
1050	住宅竊盜	1050817	04~06
1051	住宅竊盜	1050817	16~18
1052	住宅竊盜	1050818	13~15
1053	住宅竊盜	1050818	16~18
1054	住宅竊盜	1050819	01~03
1055	住宅竊盜	1050819	07~09
1056	住宅竊盜	1050819	19~21
1057	住宅竊盜	1050820	01~03
1058	住宅竊盜	1050821	16~18
1059	住宅竊盜	1050822	01~03
1060	住宅竊盜	1050822	13~15
1061	住宅竊盜	1050822	13~15
1062	住宅竊盜	1050823	07~09
1063	住宅竊盜	1050824	01~03
1064	住宅竊盜	1050824	04~06
1065	住宅竊盜	1050824	13~15
1066	住宅竊盜	1050826	04~06
1067	住宅竊盜	1050826	07~09
1068	住宅竊盜	1050826	19~21
1069	住宅竊盜	1050827	04~06
1070	住宅竊盜	1050827	22~24
1071	住宅竊盜	1050828	01~03
1072	住宅竊盜	1050828	07~09
1073	住宅竊盜	1050828	10~12
1074	住宅竊盜	1050829	04~06
1075	住宅竊盜	1050829	19~21
1076	住宅竊盜	1050829	22~24
1077	住宅竊盜	1050829	22~24
1078	住宅竊盜	1050830	10~12
1079	住宅竊盜	1050830	13~15
1080	住宅竊盜	1050831	13~15
1081	住宅竊盜	1050901	01~03
1082	住宅竊盜	1050901	07~09
1083	住宅竊盜	1050901	07~09
1084	住宅竊盜	1050901	13~15
1085	住宅竊盜	1050902	07~09
1086	住宅竊盜	1050902	07~09
1087	住宅竊盜	1050902	19~21
1088	住宅竊盜	1050903	01~03
1089	住宅竊盜	1050903	10~12
1090	住宅竊盜	1050904	10~12
1091	住宅竊盜	1050906	01~03
1092	住宅竊盜	1050906	13~15
1093	住宅竊盜	1050908	10~12
1094	住宅竊盜	1050909	01~03
1095	住宅竊盜	1050910	01~03
1096	住宅竊盜	1050912	22~24
1097	住宅竊盜	1050913	19~21
1098	住宅竊盜	1050914	07~09
1099	住宅竊盜	1050914	10~12
1100	住宅竊盜	1050914	19~21
1101	住宅竊盜	1050915	16~18
1102	住宅竊盜	1050917	19~21
1103	住宅竊盜	1050918	04~06
1104	住宅竊盜	1050918	10~12
1105	住宅竊盜	1050918	22~24
1106	住宅竊盜	1050919	04~06
1107	住宅竊盜	1050919	07~09
1108	住宅竊盜	1050919	13~15
1109	住宅竊盜	1050919	16~18
1110	住宅竊盜	1050920	01~03
1111	住宅竊盜	1050920	16~18
1112	住宅竊盜	1050920	19~21
1113	住宅竊盜	1050920	22~24
1114	住宅竊盜	1050921	01~03
1115	住宅竊盜	1050922	13~15
1116	住宅竊盜	1050922	22~24
1117	住宅竊盜	1050923	01~03
1118	住宅竊盜	1050923	01~03
1119	住宅竊盜	1050923	10~12
1120	住宅竊盜	1050924	07~09
1121	住宅竊盜	1050924	13~15
1122	住宅竊盜	1050925	10~12
1123	住宅竊盜	1050925	16~18
1124	住宅竊盜	1050925	19~21
1125	住宅竊盜	1050928	10~12
1126	住宅竊盜	1050928	10~12
1127	住宅竊盜	1050929	10~12
1128	住宅竊盜	1050930	16~18
1129	住宅竊盜	1051001	04~06
1130	住宅竊盜	1051001	19~21
1131	住宅竊盜	1051002	07~09
1132	住宅竊盜	1051002	07~09
1133	住宅竊盜	1051004	13~15
1134	住宅竊盜	1051004	16~18
1135	住宅竊盜	1051005	04~06
1136	住宅竊盜	1051006	01~03
1137	住宅竊盜	1051006	04~06
1138	住宅竊盜	1051006	22~24
1139	住宅竊盜	1051007	04~06
1140	住宅竊盜	1051007	10~12
1141	住宅竊盜	1051007	10~12
1142	住宅竊盜	1051007	13~15
1143	住宅竊盜	1051007	22~24
1144	住宅竊盜	1051008	13~15
1145	住宅竊盜	1051009	04~06
1146	住宅竊盜	1051009	07~09
1147	住宅竊盜	1051009	16~18
1148	住宅竊盜	1051011	07~09
1149	住宅竊盜	1051011	07~09
1150	住宅竊盜	1051011	10~12
1151	住宅竊盜	1051012	10~12
1152	住宅竊盜	1051014	07~09
1153	住宅竊盜	1051015	10~12
1154	住宅竊盜	1051015	13~15
1155	住宅竊盜	1051015	22~24
1156	住宅竊盜	1051016	13~15
1157	住宅竊盜	1051016	22~24
1158	住宅竊盜	1051017	07~09
1159	住宅竊盜	1051017	10~12
1160	住宅竊盜	1051017	13~15
1161	住宅竊盜	1051018	01~03
1162	住宅竊盜	1051018	10~12
1163	住宅竊盜	1051018	19~21
1164	住宅竊盜	1051018	22~24
1165	住宅竊盜	1051018	22~24
1166	住宅竊盜	1051019	01~03
1167	住宅竊盜	1051020	16~18
1168	住宅竊盜	1051020	22~24
1169	住宅竊盜	1051021	10~12
1170	住宅竊盜	1051021	10~12
1171	住宅竊盜	1051022	22~24
1172	住宅竊盜	1051023	01~03
1173	住宅竊盜	1051023	07~09
1174	住宅竊盜	1051023	10~12
1175	住宅竊盜	1051024	13~15
1176	住宅竊盜	1051024	13~15
1177	住宅竊盜	1051024	19~21
1178	住宅竊盜	1051025	16~18
1179	住宅竊盜	1051026	13~15
1180	住宅竊盜	1051026	13~15
1181	住宅竊盜	1051027	01~03
1182	住宅竊盜	1051027	22~24
1183	住宅竊盜	1051028	04~06
1184	住宅竊盜	1051028	10~12
1185	住宅竊盜	1051028	10~12
1186	住宅竊盜	1051029	10~12
1187	住宅竊盜	1051029	16~18
1188	住宅竊盜	1051029	19~21
1189	住宅竊盜	1051030	13~15
1190	住宅竊盜	1051031	01~03
1191	住宅竊盜	1051031	07~09
1192	住宅竊盜	1051031	10~12
1193	住宅竊盜	1051031	10~12
1194	住宅竊盜	1051101	07~09
1195	住宅竊盜	1051101	10~12
1196	住宅竊盜	1051101	10~12
1197	住宅竊盜	1051101	22~24
1198	住宅竊盜	1051103	22~24
1199	住宅竊盜	1051104	10~12
1200	住宅竊盜	1051104	22~24
1201	住宅竊盜	1051105	04~06
1202	住宅竊盜	1051105	10~12
1203	住宅竊盜	1051106	07~09
1204	住宅竊盜	1051106	10~12
1205	住宅竊盜	1051106	13~15
1206	住宅竊盜	1051107	16~18
1207	住宅竊盜	1051107	19~21
1208	住宅竊盜	1051108	16~18
1209	住宅竊盜	1051110	04~06
1210	住宅竊盜	1051110	07~09
1211	住宅竊盜	1051110	10~12
1212	住宅竊盜	1051110	13~15
1213	住宅竊盜	1051110	22~24
1214	住宅竊盜	1051111	19~21
1215	住宅竊盜	1051111	22~24
1216	住宅竊盜	1051112	01~03
1217	住宅竊盜	1051113	10~12
1218	住宅竊盜	1051113	10~12
1219	住宅竊盜	1051113	13~15
1220	住宅竊盜	1051114	10~12
1221	住宅竊盜	1051115	13~15
1222	住宅竊盜	1051116	16~18
1223	住宅竊盜	1051118	10~12
1224	住宅竊盜	1051118	19~21
1225	住宅竊盜	1051119	19~21
1226	住宅竊盜	1051120	07~09
1227	住宅竊盜	1051121	10~12
1228	住宅竊盜	1051121	16~18
1229	住宅竊盜	1051121	19~21
1230	住宅竊盜	1051122	04~06
1231	住宅竊盜	1051122	07~09
1232	住宅竊盜	1051122	16~18
1233	住宅竊盜	1051122	22~24
1234	住宅竊盜	1051123	16~18
1235	住宅竊盜	1051123	22~24
1236	住宅竊盜	1051124	07~09
1237	住宅竊盜	1051124	10~12
1238	住宅竊盜	1051124	13~15
1239	住宅竊盜	1051125	01~03
1240	住宅竊盜	1051125	13~15
1241	住宅竊盜	1051125	16~18
1242	住宅竊盜	1051126	16~18
1243	住宅竊盜	1051127	07~09
1244	住宅竊盜	1051127	10~12
1245	住宅竊盜	1051128	07~09
1246	住宅竊盜	1051128	10~12
1247	住宅竊盜	1051128	16~18
1248	住宅竊盜	1051128	19~21
1249	住宅竊盜	1051129	04~06
1250	住宅竊盜	1051129	19~21
1251	住宅竊盜	1051130	22~24
1252	住宅竊盜	1051201	04~06
1253	住宅竊盜	1051201	07~09
1254	住宅竊盜	1051202	16~18
1255	住宅竊盜	1051203	13~15
1256	住宅竊盜	1051204	04~06
1257	住宅竊盜	1051204	07~09
1258	住宅竊盜	1051205	19~21
1259	住宅竊盜	1051206	01~03
1260	住宅竊盜	1051206	13~15
1261	住宅竊盜	1051206	19~21
1262	住宅竊盜	1051207	10~12
1263	住宅竊盜	1051207	13~15
1264	住宅竊盜	1051209	10~12
1265	住宅竊盜	1051210	10~12
1266	住宅竊盜	1051214	13~15
1267	住宅竊盜	1051215	13~15
1268	住宅竊盜	1051215	13~15
1269	住宅竊盜	1051216	16~18
1270	住宅竊盜	1051216	16~18
1271	住宅竊盜	1051216	22~24
1272	住宅竊盜	1051216	22~24
1273	住宅竊盜	1051217	07~09
1274	住宅竊盜	1051217	22~24
1275	住宅竊盜	1051217	22~24
1276	住宅竊盜	1051220	04~06
1277	住宅竊盜	1051220	16~18
1278	住宅竊盜	1051220	19~21
1279	住宅竊盜	1051220	22~24
1280	住宅竊盜	1051222	16~18
1281	住宅竊盜	1051222	19~21
1282	住宅竊盜	1051223	13~15
1283	住宅竊盜	1051224	01~03
1284	住宅竊盜	1051224	13~15
1285	住宅竊盜	1051224	19~21
1286	住宅竊盜	1051225	10~12
1287	住宅竊盜	1051225	10~12
1288	住宅竊盜	1051226	01~03
1289	住宅竊盜	1051226	01~03
1290	住宅竊盜	1051226	07~09
1291	住宅竊盜	1051226	19~21
1292	住宅竊盜	1051227	13~15
1293	住宅竊盜	1051228	10~12
1294	住宅竊盜	1051229	10~12
1295	住宅竊盜	1051229	22~24
1296	住宅竊盜	1051230	01~03
1297	住宅竊盜	1051231	19~21
1298	住宅竊盜	1060101	10~12
1299	住宅竊盜	1060101	13~15
1300	住宅竊盜	1060101	13~15
1301	住宅竊盜	1060101	22~24
1302	住宅竊盜	1060101	22~24
1303	住宅竊盜	1060101	22~24
1304	住宅竊盜	1060101	22~24
1305	住宅竊盜	1060102	04~06
1306	住宅竊盜	1060104	07~09
1307	住宅竊盜	1060105	16~18
1308	住宅竊盜	1060105	16~18
1309	住宅竊盜	1060105	19~21
1310	住宅竊盜	1060105	22~24
1311	住宅竊盜	1060106	13~15
1312	住宅竊盜	1060107	13~15
1313	住宅竊盜	1060107	19~21
1314	住宅竊盜	1060109	10~12
1315	住宅竊盜	1060109	16~18
1316	住宅竊盜	1060110	04~06
1317	住宅竊盜	1060112	04~06
1318	住宅竊盜	1060113	13~15
1319	住宅竊盜	1060114	22~24
1320	住宅竊盜	1060115	13~15
1321	住宅竊盜	1060116	10~12
1322	住宅竊盜	1060116	13~15
1323	住宅竊盜	1060116	16~18
1324	住宅竊盜	1060117	01~03
1325	住宅竊盜	1060117	07~09
1326	住宅竊盜	1060117	07~09
1327	住宅竊盜	1060117	16~18
1328	住宅竊盜	1060118	13~15
1329	住宅竊盜	1060120	22~24
1330	住宅竊盜	1060121	04~06
1331	住宅竊盜	1060121	07~09
1332	住宅竊盜	1060122	01~03
1333	住宅竊盜	1060122	19~21
1334	住宅竊盜	1060122	19~21
1335	住宅竊盜	1060123	13~15
1336	住宅竊盜	1060125	22~24
1337	住宅竊盜	1060126	01~03
1338	住宅竊盜	1060126	19~21
1339	住宅竊盜	1060126	19~21
1340	住宅竊盜	1060127	04~06
1341	住宅竊盜	1060127	04~06
1342	住宅竊盜	1060127	10~12
1343	住宅竊盜	1060127	13~15
1344	住宅竊盜	1060127	22~24
1345	住宅竊盜	1060128	01~03
1346	住宅竊盜	1060128	01~03
1347	住宅竊盜	1060128	16~18
1348	住宅竊盜	1060129	16~18
1349	住宅竊盜	1060130	16~18
1350	住宅竊盜	1060202	07~09
1351	住宅竊盜	1060202	10~12
1352	住宅竊盜	1060202	13~15
1353	住宅竊盜	1060202	22~24
1354	住宅竊盜	1060203	13~15
1355	住宅竊盜	1060203	22~24
1356	住宅竊盜	1060205	13~15
1357	住宅竊盜	1060207	04~06
1358	住宅竊盜	1060207	16~18
1359	住宅竊盜	1060207	19~21
1360	住宅竊盜	1060208	07~09
1361	住宅竊盜	1060208	07~09
1362	住宅竊盜	1060208	07~09
1363	住宅竊盜	1060208	07~09
1364	住宅竊盜	1060208	19~21
1365	住宅竊盜	1060209	04~06
1366	住宅竊盜	1060209	16~18
1367	住宅竊盜	1060210	07~09
1368	住宅竊盜	1060210	07~09
1369	住宅竊盜	1060211	10~12
1370	住宅竊盜	1060212	19~21
1371	住宅竊盜	1060213	13~15
1372	住宅竊盜	1060214	19~21
1373	住宅竊盜	1060216	07~09
1374	住宅竊盜	1060216	16~18
1375	住宅竊盜	1060219	01~03
1376	住宅竊盜	1060220	01~03
1377	住宅竊盜	1060221	07~09
1378	住宅竊盜	1060221	19~21
1379	住宅竊盜	1060221	19~21
1380	住宅竊盜	1060222	13~15
1381	住宅竊盜	1060222	13~15
1382	住宅竊盜	1060222	19~21
1383	住宅竊盜	1060222	22~24
1384	住宅竊盜	1060223	19~21
1385	住宅竊盜	1060224	16~18
1386	住宅竊盜	1060224	22~24
1387	住宅竊盜	1060224	22~24
1388	住宅竊盜	1060225	10~12
1389	住宅竊盜	1060225	16~18
1390	住宅竊盜	1060226	10~12
1391	住宅竊盜	1060227	19~21
1392	住宅竊盜	1060228	22~24
1393	住宅竊盜	1060301	10~12
1394	住宅竊盜	1060301	10~12
1395	住宅竊盜	1060301	13~15
1396	住宅竊盜	1060301	22~24
1397	住宅竊盜	1060302	01~03
1398	住宅竊盜	1060303	16~18
1399	住宅竊盜	1060303	16~18
1400	住宅竊盜	1060304	22~24
1401	住宅竊盜	1060306	19~21
1402	住宅竊盜	1060309	19~21
1403	住宅竊盜	1060312	01~03
1404	住宅竊盜	1060312	13~15
1405	住宅竊盜	1060313	10~12
1406	住宅竊盜	1060313	19~21
1407	住宅竊盜	1060314	10~12
1408	住宅竊盜	1060315	07~09
1409	住宅竊盜	1060315	10~12
1410	住宅竊盜	1060315	19~21
1411	住宅竊盜	1060316	10~12
1412	住宅竊盜	1060316	19~21
1413	住宅竊盜	1060317	10~12
1414	住宅竊盜	1060318	10~12
1415	住宅竊盜	1060319	07~09
1416	住宅竊盜	1060320	04~06
1417	住宅竊盜	1060320	10~12
1418	住宅竊盜	1060320	19~21
1419	住宅竊盜	1060321	01~03
1420	住宅竊盜	1060321	10~12
1421	住宅竊盜	1060321	19~21
1422	住宅竊盜	1060321	22~24
1423	住宅竊盜	1060322	10~12
1424	住宅竊盜	1060322	10~12
1425	住宅竊盜	1060323	07~09
1426	住宅竊盜	1060324	10~12
1427	住宅竊盜	1060324	16~18
1428	住宅竊盜	1060325	07~09
1429	住宅竊盜	1060326	07~09
1430	住宅竊盜	1060326	10~12
1431	住宅竊盜	1060326	22~24
1432	住宅竊盜	1060327	13~15
1433	住宅竊盜	1060327	16~18
1434	住宅竊盜	1060328	07~09
1435	住宅竊盜	1060328	10~12
1436	住宅竊盜	1060329	13~15
1437	住宅竊盜	1060330	19~21
1438	住宅竊盜	1060330	19~21
1439	住宅竊盜	1060330	19~21
1440	住宅竊盜	1060331	19~21
1441	住宅竊盜	1060401	04~06
1442	住宅竊盜	1060401	22~24
1443	住宅竊盜	1060404	04~06
1444	住宅竊盜	1060405	04~06
1445	住宅竊盜	1060405	10~12
1446	住宅竊盜	1060406	10~12
1447	住宅竊盜	1060406	13~15
1448	住宅竊盜	1060409	07~09
1449	住宅竊盜	1060409	16~18
1450	住宅竊盜	1060410	07~09
1451	住宅竊盜	1060411	22~24
1452	住宅竊盜	1060412	04~06
1453	住宅竊盜	1060413	16~18
1454	住宅竊盜	1060413	16~18
1455	住宅竊盜	1060414	22~24
1456	住宅竊盜	1060415	10~12
1457	住宅竊盜	1060416	22~24
1458	住宅竊盜	1060417	01~03
1459	住宅竊盜	1060417	13~15
1460	住宅竊盜	1060417	13~15
1461	住宅竊盜	1060418	01~03
1462	住宅竊盜	1060418	07~09
1463	住宅竊盜	1060418	16~18
1464	住宅竊盜	1060418	22~24
1465	住宅竊盜	1060419	16~18
1466	住宅竊盜	1060420	07~09
1467	住宅竊盜	1060420	10~12
1468	住宅竊盜	1060420	16~18
1469	住宅竊盜	1060420	22~24
1470	住宅竊盜	1060421	16~18
1471	住宅竊盜	1060421	16~18
1472	住宅竊盜	1060422	07~09
1473	住宅竊盜	1060422	13~15
1474	住宅竊盜	1060422	19~21
1475	住宅竊盜	1060422	22~24
1476	住宅竊盜	1060423	16~18
1477	住宅竊盜	1060425	01~03
1478	住宅竊盜	1060425	01~03
1479	住宅竊盜	1060425	04~06
1480	住宅竊盜	1060425	19~21
1481	住宅竊盜	1060425	19~21
1482	住宅竊盜	1060426	04~06
1483	住宅竊盜	1060426	10~12
1484	住宅竊盜	1060427	01~03
1485	住宅竊盜	1060427	10~12
1486	住宅竊盜	1060427	13~15
1487	住宅竊盜	1060427	19~21
1488	住宅竊盜	1060429	01~03
1489	住宅竊盜	1060429	04~06
1490	住宅竊盜	1060501	04~06
1491	住宅竊盜	1060501	22~24
1492	住宅竊盜	1060501	22~24
1493	住宅竊盜	1060502	04~06
1494	住宅竊盜	1060502	10~12
1495	住宅竊盜	1060502	13~15
1496	住宅竊盜	1060503	04~06
1497	住宅竊盜	1060503	10~12
1498	住宅竊盜	1060503	22~24
1499	住宅竊盜	1060503	22~24
1500	住宅竊盜	1060504	16~18
1501	住宅竊盜	1060504	19~21
1502	住宅竊盜	1060504	19~21
1503	住宅竊盜	1060505	01~03
1504	住宅竊盜	1060506	13~15
1505	住宅竊盜	1060508	10~12
1506	住宅竊盜	1060508	22~24
1507	住宅竊盜	1060509	10~12
1508	住宅竊盜	1060509	13~15
1509	住宅竊盜	1060510	07~09
1510	住宅竊盜	1060510	19~21
1511	住宅竊盜	1060511	10~12
1512	住宅竊盜	1060511	13~15
1513	住宅竊盜	1060512	01~03
1514	住宅竊盜	1060512	01~03
1515	住宅竊盜	1060513	13~15
1516	住宅竊盜	1060515	04~06
1517	住宅竊盜	1060515	16~18
1518	住宅竊盜	1060515	19~21
1519	住宅竊盜	1060516	13~15
1520	住宅竊盜	1060516	16~18
1521	住宅竊盜	1060517	04~06
1522	住宅竊盜	1060517	10~12
1523	住宅竊盜	1060517	13~15
1524	住宅竊盜	1060518	10~12
1525	住宅竊盜	1060518	19~21
1526	住宅竊盜	1060519	07~09
1527	住宅竊盜	1060519	19~21
1528	住宅竊盜	1060520	16~18
1529	住宅竊盜	1060523	10~12
1530	住宅竊盜	1060523	13~15
1531	住宅竊盜	1060523	13~15
1532	住宅竊盜	1060523	16~18
1533	住宅竊盜	1060523	16~18
1534	住宅竊盜	1060523	16~18
1535	住宅竊盜	1060523	19~21
1536	住宅竊盜	1060524	07~09
1537	住宅竊盜	1060525	07~09
1538	住宅竊盜	1060526	04~06
1539	住宅竊盜	1060528	19~21
1540	住宅竊盜	1060528	22~24
1541	住宅竊盜	1060529	19~21
1542	住宅竊盜	1060530	10~12
1543	住宅竊盜	1060530	19~21
1544	住宅竊盜	1060531	07~09
1545	住宅竊盜	1060531	16~18
1546	住宅竊盜	1060601	07~09
1547	住宅竊盜	1060601	13~15
1548	住宅竊盜	1060601	22~24
1549	住宅竊盜	1060602	07~09
1550	住宅竊盜	1060602	13~15
1551	住宅竊盜	1060602	16~18
1552	住宅竊盜	1060603	07~09
1553	住宅竊盜	1060604	16~18
1554	住宅竊盜	1060606	07~09
1555	住宅竊盜	1060606	07~09
1556	住宅竊盜	1060607	01~03
1557	住宅竊盜	1060607	10~12
1558	住宅竊盜	1060607	13~15
1559	住宅竊盜	1060608	16~18
1560	住宅竊盜	1060610	19~21
1561	住宅竊盜	1060615	07~09
1562	住宅竊盜	1060616	13~15
1563	住宅竊盜	1060616	19~21
1564	住宅竊盜	1060617	01~03
1565	住宅竊盜	1060619	04~06
1566	住宅竊盜	1060619	07~09
1567	住宅竊盜	1060619	10~12
1568	住宅竊盜	1060619	13~15
1569	住宅竊盜	1060619	19~21
1570	住宅竊盜	1060619	22~24
1571	住宅竊盜	1060620	13~15
1572	住宅竊盜	1060620	22~24
1573	住宅竊盜	1060621	07~09
1574	住宅竊盜	1060621	10~12
1575	住宅竊盜	1060622	04~06
1576	住宅竊盜	1060623	13~15
1577	住宅竊盜	1060624	01~03
1578	住宅竊盜	1060624	04~06
1579	住宅竊盜	1060624	04~06
1580	住宅竊盜	1060624	13~15
1581	住宅竊盜	1060624	19~21
1582	住宅竊盜	1060625	01~03
1583	住宅竊盜	1060625	22~24
1584	住宅竊盜	1060626	13~15
1585	住宅竊盜	1060626	22~24
1586	住宅竊盜	1060629	01~03
1587	住宅竊盜	1060629	01~03
1588	住宅竊盜	1060629	19~21
1589	住宅竊盜	1060630	04~06
1590	住宅竊盜	1060630	10~12
1591	住宅竊盜	1060630	13~15
1592	住宅竊盜	1060701	13~15
1593	住宅竊盜	1060702	16~18
1594	住宅竊盜	1060703	10~12
1595	住宅竊盜	1060705	22~24
1596	住宅竊盜	1060706	13~15
1597	住宅竊盜	1060706	16~18
1598	住宅竊盜	1060707	01~03
1599	住宅竊盜	1060707	10~12
1600	住宅竊盜	1060707	13~15
1601	住宅竊盜	1060708	19~21
1602	住宅竊盜	1060708	22~24
1603	住宅竊盜	1060710	10~12
1604	住宅竊盜	1060710	13~15
1605	住宅竊盜	1060711	13~15
1606	住宅竊盜	1060712	10~12
1607	住宅竊盜	1060712	13~15
1608	住宅竊盜	1060714	01~03
1609	住宅竊盜	1060714	19~21
1610	住宅竊盜	1060715	22~24
1611	住宅竊盜	1060715	22~24
1612	住宅竊盜	1060715	22~24
1613	住宅竊盜	1060716	13~15
1614	住宅竊盜	1060716	16~18
1615	住宅竊盜	1060717	07~09
1616	住宅竊盜	1060717	07~09
1617	住宅竊盜	1060717	07~09
1618	住宅竊盜	1060717	10~12
1619	住宅竊盜	1060719	22~24
1620	住宅竊盜	1060720	01~03
1621	住宅竊盜	1060720	10~12
1622	住宅竊盜	1060722	04~06
1623	住宅竊盜	1060722	04~06
1624	住宅竊盜	1060723	07~09
1625	住宅竊盜	1060723	22~24
1626	住宅竊盜	1060725	10~12
1627	住宅竊盜	1060725	13~15
1628	住宅竊盜	1060725	16~18
1629	住宅竊盜	1060726	01~03
1630	住宅竊盜	1060727	04~06
1631	住宅竊盜	1060727	16~18
1632	住宅竊盜	1060731	10~12
1633	住宅竊盜	1060731	19~21
1634	住宅竊盜	1060801	22~24
1635	住宅竊盜	1060802	04~06
1636	住宅竊盜	1060804	07~09
1637	住宅竊盜	1060804	10~12
1638	住宅竊盜	1060804	19~21
1639	住宅竊盜	1060806	04~06
1640	住宅竊盜	1060807	10~12
1641	住宅竊盜	1060807	10~12
1642	住宅竊盜	1060807	22~24
1643	住宅竊盜	1060808	01~03
1644	住宅竊盜	1060808	04~06
1645	住宅竊盜	1060809	16~18
1646	住宅竊盜	1060810	22~24
1647	住宅竊盜	1060811	01~03
1648	住宅竊盜	1060811	19~21
1649	住宅竊盜	1060812	19~21
1650	住宅竊盜	1060814	01~03
1651	住宅竊盜	1060814	07~09
1652	住宅竊盜	1060815	13~15
1653	住宅竊盜	1060815	19~21
1654	住宅竊盜	1060815	19~21
1655	住宅竊盜	1060816	01~03
1656	住宅竊盜	1060817	13~15
1657	住宅竊盜	1060817	19~21
1658	住宅竊盜	1060818	04~06
1659	住宅竊盜	1060818	10~12
1660	住宅竊盜	1060818	13~15
1661	住宅竊盜	1060818	16~18
1662	住宅竊盜	1060819	04~06
1663	住宅竊盜	1060819	13~15
1664	住宅竊盜	1060820	10~12
1665	住宅竊盜	1060821	01~03
1666	住宅竊盜	1060821	19~21
1667	住宅竊盜	1060822	16~18
1668	住宅竊盜	1060823	16~18
1669	住宅竊盜	1060824	13~15
1670	住宅竊盜	1060825	16~18
1671	住宅竊盜	1060825	22~24
1672	住宅竊盜	1060827	10~12
1673	住宅竊盜	1060830	07~09
1674	住宅竊盜	1060830	13~15
1675	住宅竊盜	1060830	16~18
1676	住宅竊盜	1060901	13~15
1677	住宅竊盜	1060901	13~15
1678	住宅竊盜	1060901	13~15
1679	住宅竊盜	1060901	16~18
1680	住宅竊盜	1060902	22~24
1681	住宅竊盜	1060903	04~06
1682	住宅竊盜	1060903	10~12
1683	住宅竊盜	1060904	22~24
1684	住宅竊盜	1060905	19~21
1685	住宅竊盜	1060907	01~03
1686	住宅竊盜	1060909	13~15
1687	住宅竊盜	1060909	22~24
1688	住宅竊盜	1060910	04~06
1689	住宅竊盜	1060911	19~21
1690	住宅竊盜	1060911	19~21
1691	住宅竊盜	1060912	16~18
1692	住宅竊盜	1060912	22~24
1693	住宅竊盜	1060913	10~12
1694	住宅竊盜	1060913	22~24
1695	住宅竊盜	1060915	19~21
1696	住宅竊盜	1060915	22~24
1697	住宅竊盜	1060917	19~21
1698	住宅竊盜	1060918	10~12
1699	住宅竊盜	1060919	10~12
1700	住宅竊盜	1060919	19~21
1701	住宅竊盜	1060919	19~21
1702	住宅竊盜	1060920	13~15
1703	住宅竊盜	1060921	04~06
1704	住宅竊盜	1060922	13~15
1705	住宅竊盜	1060923	10~12
1706	住宅竊盜	1060926	13~15
1707	住宅竊盜	1060926	22~24
1708	住宅竊盜	1060928	01~03
1709	住宅竊盜	1060928	10~12
1710	住宅竊盜	1061001	01~03
1711	住宅竊盜	1061001	07~09
1712	住宅竊盜	1061001	16~18
1713	住宅竊盜	1061002	19~21
1714	住宅竊盜	1061003	01~03
1715	住宅竊盜	1061003	01~03
1716	住宅竊盜	1061004	07~09
1717	住宅竊盜	1061004	07~09
1718	住宅竊盜	1061004	10~12
1719	住宅竊盜	1061004	10~12
1720	住宅竊盜	1061005	01~03
1721	住宅竊盜	1061006	13~15
1722	住宅竊盜	1061006	16~18
1723	住宅竊盜	1061006	19~21
1724	住宅竊盜	1061006	19~21
1725	住宅竊盜	1061007	16~18
1726	住宅竊盜	1061010	16~18
1727	住宅竊盜	1061011	07~09
1728	住宅竊盜	1061011	13~15
1729	住宅竊盜	1061012	19~21
1730	住宅竊盜	1061013	13~15
1731	住宅竊盜	1061014	16~18
1732	住宅竊盜	1061015	07~09
1733	住宅竊盜	1061015	10~12
1734	住宅竊盜	1061016	16~18
1735	住宅竊盜	1061017	07~09
1736	住宅竊盜	1061017	10~12
1737	住宅竊盜	1061017	13~15
1738	住宅竊盜	1061017	13~15
1739	住宅竊盜	1061017	19~21
1740	住宅竊盜	1061018	07~09
1741	住宅竊盜	1061019	07~09
1742	住宅竊盜	1061019	13~15
1743	住宅竊盜	1061020	22~24
1744	住宅竊盜	1061022	01~03
1745	住宅竊盜	1061023	22~24
1746	住宅竊盜	1061025	16~18
1747	住宅竊盜	1061027	01~03
1748	住宅竊盜	1061027	04~06
1749	住宅竊盜	1061101	22~24
1750	住宅竊盜	1061102	13~15
1751	住宅竊盜	1061104	07~09
1752	住宅竊盜	1061104	13~15
1753	住宅竊盜	1061105	13~15
1754	住宅竊盜	1061105	16~18
1755	住宅竊盜	1061106	19~21
1756	住宅竊盜	1061107	04~06
1757	住宅竊盜	1061107	10~12
1758	住宅竊盜	1061108	16~18
1759	住宅竊盜	1061110	07~09
1760	住宅竊盜	1061111	10~12
1761	住宅竊盜	1061113	10~12
1762	住宅竊盜	1061113	10~12
1763	住宅竊盜	1061115	07~09
1764	住宅竊盜	1061115	16~18
1765	住宅竊盜	1061115	16~18
1766	住宅竊盜	1061116	16~18
1767	住宅竊盜	1061117	01~03
1768	住宅竊盜	1061117	07~09
1769	住宅竊盜	1061118	13~15
1770	住宅竊盜	1061119	04~06
1771	住宅竊盜	1061120	13~15
1772	住宅竊盜	1061121	10~12
1773	住宅竊盜	1061121	10~12
1774	住宅竊盜	1061123	22~24
1775	住宅竊盜	1061125	10~12
1776	住宅竊盜	1061125	16~18
1777	住宅竊盜	1061126	16~18
1778	住宅竊盜	1061127	16~18
1779	住宅竊盜	1061128	16~18
1780	住宅竊盜	1061128	19~21
1781	住宅竊盜	1061130	16~18
1782	住宅竊盜	1061201	07~09
1783	住宅竊盜	1061203	01~03
1784	住宅竊盜	1061205	10~12
1785	住宅竊盜	1061207	07~09
1786	住宅竊盜	1061210	16~18
1787	住宅竊盜	1061212	07~09
1788	住宅竊盜	1061213	10~12
1789	住宅竊盜	1061213	22~24
1790	住宅竊盜	1061214	10~12
1791	住宅竊盜	1061215	16~18
1792	住宅竊盜	1061216	22~24
1793	住宅竊盜	1061219	16~18
1794	住宅竊盜	1061220	22~24
1795	住宅竊盜	1061221	10~12
1796	住宅竊盜	1061222	22~24
1797	住宅竊盜	1061225	13~15
1798	住宅竊盜	1061228	13~15
1799	住宅竊盜	1061228	22~24
1800	住宅竊盜	1061229	10~12
1801	住宅竊盜	1061230	16~18
1802	住宅竊盜	1061231	04~06
1803	住宅竊盜	1070103	04~06
1804	住宅竊盜	1070103	07~09
1805	住宅竊盜	1070107	13~15
1806	住宅竊盜	1070109	04~06
1807	住宅竊盜	1070109	19~21
1808	住宅竊盜	1070110	01~03
1809	住宅竊盜	1070111	01~03
1810	住宅竊盜	1070111	10~12
1811	住宅竊盜	1070114	01~03
1812	住宅竊盜	1070115	10~12
1813	住宅竊盜	1070115	16~18
1814	住宅竊盜	1070116	16~18
1815	住宅竊盜	1070120	13~15
1816	住宅竊盜	1070120	16~18
1817	住宅竊盜	1070121	16~18
1818	住宅竊盜	1070122	07~09
1819	住宅竊盜	1070123	10~12
1820	住宅竊盜	1070124	01~03
1821	住宅竊盜	1070124	16~18
1822	住宅竊盜	1070125	16~18
1823	住宅竊盜	1070127	19~21
1824	住宅竊盜	1070201	07~09
1825	住宅竊盜	1070201	13~15
1826	住宅竊盜	1070203	10~12
1827	住宅竊盜	1070205	07~09
1828	住宅竊盜	1070206	07~09
1829	住宅竊盜	1070208	04~06
1830	住宅竊盜	1070209	10~12
1831	住宅竊盜	1070211	04~06
1832	住宅竊盜	1070212	22~24
1833	住宅竊盜	1070217	04~06
1834	住宅竊盜	1070217	16~18
1835	住宅竊盜	1070218	10~12
1836	住宅竊盜	1070218	13~15
1837	住宅竊盜	1070219	22~24
